default.parsedtable.col_1,default.parsedtable.col_2,default.parsedtable.col_3,default.parsedtable.col_4,default.parsedtable.col_5,default.parsedtable.col_6,default.parsedtable.col_7,default.parsedtable.col_8,default.parsedtable.col_9,default.parsedtable.col_10,default.parsedtable.col_11,default.parsedtable.col_12,default.parsedtable.col_13,default.parsedtable.col_14,default.parsedtable.col_15,default.parsedtable.col_16,default.parsedtable.col_17,default.parsedtable.col_18,default.parsedtable.col_19
,Name,AltaaVistaaBusinessSolutionsPrivateLimited,Locations,"Bengaluru/Bangalore,Chennai",Experience,7-15years,Keywords/Skills,"Agile,Scrum,ExtremeProgramming-ContinuousIntegration?""(Anyone-Jenkins,Hudson,CruseControl,Bamboo)TDD?""Junit/Nunit",Education,B.E/B.TechFunctionIT,Role,OtherSoftware/Hardware/EDP-AgileXPCoachIndustryIT/Computers-Software,PostedOn,3rdFeb2015,JobRefcode,AgileXPCoach/AVPL/01,,
,Name,AltaaVistaaBusinessSolutionsPrivateLimited,Locations,Pune,Experience,2-4years,Keywords/Skills,"BITechnical,PentahoETL,HealthcareandDatabaseknowledge",Role,OtherRolesIndustryAny,PostedOn,31stJan2015,,,,,,
,Name,AltaaVistaaBusinessSolutionsPrivateLimited,Locations,Pune,Nationality,India,Experience,1-3years,Keywords/Skills,"Leadgeneration,ChannelSales,ITHardware,ITinfrastructure&NetworkingSolutions.",Education,AnygraduateFunctionSales/BusinessDevelopment,Role,SalesExec/SalesRepresentativeIndustryIT/Computers-Hardware,PostedOn,19thJan2015,JobRefcode,AVPL/Sales/02
,Name,BA-DataSolutions,Locations,Chandigarh,Nationality,"India,UnitedStates",Experience,1-3years,Keywords/Skills,"marketing,sales,""internationalsales"",""ussales"",""InternationalMarketing"",""InternationalBusinessManager"",",Education,AnygraduateFunctionMarketing&Communications,Role,MarketingExecutiveIndustryIT/Computers-Software,PostedOn,28thJan2015,JobRefcode,102
,Name,BA-DataSolutions,Locations,Chandigarh,Nationality,"India,UnitedStates",Experience,1-4years,Keywords/Skills,"Sales,BPO,Marketing,""UScalling"",""UKcalling"",""InternationalSales"",""coldcalling"",""LeadGeneration"",""OutboundCalling""",Education,AnygraduateFunctionSales/BusinessDevelopment,Role,SalesExec/SalesRepresentativeIndustryIT/Computers-SoftwarePrinting/Packaging,PostedOn,27thJan2015,JobRefcode,101
,Name,BackboneBusinessSolutionsPrivateLimited,Locations,Jamnagar,Experience,10-15years,Keywords/Skills,"steameragencyoperations,LiaisonwithCustoms,DailyBerthingmeetings,VesselBoardingformalities,VesselSailingformalities",Role,OtherRoles-BranchManagerIndustryShipping/MarineServices,PostedOn,16thMar2015,,,,,,
,Name,BackboneBusinessSolutionsPrivateLimited,Locations,Ahmedabad,Experience,0-3years,Keywords/Skills,"Recruitment,headhunting,clientservicing,FunctionHumanResources",Role,HRExecutive/RecruiterIndustryConsultancy,PostedOn,13thFeb2015,,,,,,
,Name,BackboneBusinessSolutionsPrivateLimited,Locations,Ahmedabad,Experience,5-10years,Keywords/Skills,"yarn,sales,marketing,businessdevelopment,textile",Education,B.E/B.TechFunctionSales/BusinessDevelopment,Role,ChannelSalesManagerIndustryTextiles/Yarn/Fabrics/Garments,PostedOn,31stJan2015,,,,
,Name,BackboneBusinessSolutionsPrivateLimited,Locations,Ahmedabad,Experience,5-9years,Keywords/Skills,"textilemachineryspares""salesandsupport""""Spares/SupporttomachinerySales""",Education,B.E/B.TechFunctionSales/BusinessDevelopment,Role,SalesExec/SalesRepresentativeIndustryTextiles/Yarn/Fabrics/Garments,PostedOn,31stJan2015,,,,
,Name,DRKnowledgematicSolutionsPrivateLimited,Locations,Hyderabad/Secunderabad,Nationality,India,Experience,0-2years,Keywords/Skills,"customercareExecutive,VoiceProcess",Education,"B.A,B.B.A,BCA,B.Com,B.ScFunctionCustomerService/CallCentre/BPO",Role,TechnicalSupportExecutive(voice)IndustryITES/BPO,PostedOn,16thMar2015,,
,Name,DRKnowledgematicSolutionsPrivateLimited,Locations,Hyderabad/Secunderabad,Experience,0-2years,Keywords/Skills,"BPO,MNC,InternationalInboundVoiceProcess,CustomerCareExecutive",Education,"B.A,B.B.A,BCA,B.Com,BDS,B.Sc,Class12,OtherFunctionCustomerService/CallCentre/BPO",Role,CustomerServiceExecutive(Voice)IndustryBanking/FinancialServicesInsuranceITES/BPO,PostedOn,16thMar2015,,,,
Walk-inDetailsDate:17/03/2015To27/03/2015Timings:10:00AMto3:00PMCity:Hyderabad/SecunderabadVenueDetailsShallbeavailableonsuccessfulapplication.,Name,DRKnowledgematicSolutionsPrivateLimited,Locations,Hyderabad/Secunderabad,Nationality,India,Experience,0-2years,Keywords/Skills,"customercareexecutive,inbondvoiceprocess,bankingprocess",Education,"B.A,B.B.A,BCA,B.Com,B.ScFunctionCustomerService/CallCentre/BPO",Role,TechnicalSupportExecutive(voice)IndustryITES/BPO,PostedOn,16thMar2015,,
Walk-inDetailsDate:17/03/2015To20/03/2015Timings:10:30AMto3:00PMCity:Hyderabad/SecunderabadVenueDetailsShallbeavailableonsuccessfulapplication.,Name,DRKnowledgematicSolutionsPrivateLimited,Locations,Hyderabad/Secunderabad,Nationality,India,Experience,0-2years,Keywords/Skills,"customercareexecutive,inbondvoiceprocessBPO",Education,"B.A,B.B.A,BCA,B.Com,B.ScFunctionCustomerService/CallCentre/BPO",Role,CustomerServiceExecutive(Voice)IndustryITES/BPO,PostedOn,16thMar2015,,
,Name,DRKnowledgematicSolutionsPrivateLimited,Locations,Hyderabad/Secunderabad,Experience,0-2years,Keywords/Skills,"BPO,CustomerCareExecutive,InboundVoiceProcess",Education,"B.A,B.B.A,BCA,B.Com,BDS,B.Sc,Class12FunctionCustomerService/CallCentre/BPO",Role,CustomerServiceExecutive(Voice)IndustryITES/BPO,PostedOn,16thMar2015,,,,
Walk-inDetailsDate:16/03/2015To21/03/2015Timings:10:00AMto12:30PMCity:Hyderabad/SecunderabadVenueDetailsShallbeavailableonsuccessfulapplication.,Name,DRKnowledgematicSolutionsPrivateLimited,Locations,Hyderabad/Secunderabad,Nationality,India,Experience,0-2years,Keywords/Skills,EXCELLENTCOMMUNICATIONSKILLS,Education,"B.A,B.B.A,BCA,B.Com,B.ScFunctionCustomerService/CallCentre/BPO",Role,CustomerServiceExecutive(Voice)IndustryITES/BPO,PostedOn,14thMar2015,,
,Name,DRKnowledgematicSolutionsPrivateLimited,Locations,Hyderabad/Secunderabad,Experience,0-3years,Keywords/Skills,"bpo,voiceprocess,fresher",Education,"B.A,B.Arch,B.B.A,BCA,B.Com,B.Ed,B.Pharm,B.Sc,Class12,DiplomaFunctionCustomerService/CallCentre/BPO",Role,CustomerServiceExecutive(Voice)IndustryITES/BPOSalary1.00-2.00lacs,PostedOn,14thMar2015,,,,
Walk-inDetailsDate:14/03/2015To21/03/2015Timings:10:00AMto3:30PMCity:Hyderabad/SecunderabadVenueDetailsShallbeavailableonsuccessfulapplication.,Name,DRKnowledgematicSolutionsPrivateLimited,Locations,Hyderabad/Secunderabad,Nationality,India,Experience,0-2years,Keywords/Skills,"BPO,voiceprocess,inbondcustomercareexecutive",Education,"B.A,B.B.A,B.Com,B.ScFunctionCustomerService/CallCentre/BPO",Role,TechnicalSupportExecutive(voice)IndustryITES/BPO,PostedOn,13thMar2015,,
,Name,DRKnowledgematicSolutionsPrivateLimited,Locations,Hyderabad/Secunderabad,Experience,0-2years,Keywords/Skills,"BPO,Inboundvoiceprocess,customercareexecutive",Education,"B.A,B.B.A,BCA,B.Com,BDS,B.Sc,Class12,OtherFunctionCustomerService/CallCentre/BPO",Role,CustomerServiceExecutive(Voice)IndustryITES/BPO,PostedOn,12thMar2015,,,,
,Name,DRKnowledgematicSolutionsPrivateLimited,Locations,Hyderabad/Secunderabad,Experience,3-8years,Keywords/Skills,PHPFunctionIT,Role,SoftwareEngineer/ProgrammerTeamLeader/TechnicalLeaderProjectLeader/ProjectManagerIndustryIT/Computers-Software,PostedOn,12thMar2015,,,,,,
,Name,DRKnowledgematicSolutionsPrivateLimited,Locations,Hyderabad/Secunderabad,Nationality,India,Experience,0-2years,Keywords/Skills,EXCELLENTCOMMUNICATIONSKILLS,Education,"B.A,BCA,B.ComFunctionCustomerService/CallCentre/BPOMarketing&Communications",Role,FresherTechnicalSupportExecutive(voice)CustomerServiceExecutive(Voice)TelesalesExecutiveIndustryBanking/FinancialServicesITES/BPOSalary0.10-2.10lacs,PostedOn,11thMar2015,,
,Name,DRKnowledgematicSolutionsPrivateLimited,Locations,Hyderabad/Secunderabad,Nationality,India,Experience,0-2years,Keywords/Skills,EXCELLENTCOMMUNICATIONSKILLS,Education,"B.A,BCA,B.ComFunctionCustomerService/CallCentre/BPOMarketing&Communications",Role,FresherTechnicalSupportExecutive(voice)CustomerServiceExecutive(Voice)TelesalesExecutiveIndustryBanking/FinancialServicesITES/BPOSalary0.10-2.10lacs,PostedOn,11thMar2015,,
,Name,DRKnowledgematicSolutionsPrivateLimited,Locations,Hyderabad/Secunderabad,Experience,0-2years,Keywords/Skills,"BPO,InternationalVoiceProcess,InboundVoiceProcess,CustomerCareExecutive",Education,"B.A,B.B.A,BCA,B.Com,BDS,B.Sc,Class12,OtherFunctionCustomerService/CallCentre/BPO",Role,CustomerServiceExecutive(Voice)IndustryITES/BPO,PostedOn,10thMar2015,,,,
,Name,DRKnowledgematicSolutionsPrivateLimited,Locations,Hyderabad/Secunderabad,Nationality,India,Experience,0-2years,Keywords/Skills,"customercareExecutive,BPO,Voiceprocess",Education,"B.A,B.B.A,B.Com,B.ScFunctionCustomerService/CallCentre/BPO",Role,TechnicalSupportExecutive(voice)IndustryITES/BPO,PostedOn,10thMar2015,,
,Name,DRKnowledgematicSolutionsPrivateLimited,Locations,Hyderabad/Secunderabad,Nationality,India,Experience,0-2years,Keywords/Skills,"customercareExecutive,VoiceProcess",Education,"B.A,B.B.A,B.Com,B.ScFunctionCustomerService/CallCentre/BPO",Role,TechnicalSupportExecutive(voice)IndustryITES/BPO,PostedOn,10thMar2015,,
Walk-inDetailsDate:10/03/2015To21/03/2015Timings:10:00AMto2:30PMCity:Hyderabad/SecunderabadVenueDetailsShallbeavailableonsuccessfulapplication.,Name,DRKnowledgematicSolutionsPrivateLimited,Locations,Hyderabad/Secunderabad,Nationality,India,Experience,0-2years,Keywords/Skills,EXCELLENTCOMMUNICATIONSKILLSINENGLISHANDHINDI,Education,"B.A,B.B.A,BCA,B.Com,B.ScFunctionCustomerService/CallCentre/BPOSales/BusinessDevelopment",Role,FresherTechnicalSupportExecutive(voice)CustomerServiceExecutive(Voice)CustomerServiceExecutive(Non-voice)IndustryBanking/FinancialServicesInsuranceITES/BPOKPO/Analytics,PostedOn,9thMar2015,,
,Name,DRKnowledgematicSolutionsPrivateLimited,Locations,Hyderabad/Secunderabad,Experience,0-3years,Keywords/Skills,"bpo,voiceprocess,freshers",Education,"B.A,B.Arch,B.B.A,BCA,B.Com,B.Ed,BL/LLB,B.Pharm,B.Sc,Class12,DiplomaFunctionCustomerService/CallCentre/BPO",Role,CustomerServiceExecutive(Voice)IndustryITES/BPO,PostedOn,9thMar2015,,,,
,Name,DRKnowledgematicSolutionsPrivateLimited,Locations,Hyderabad/Secunderabad,Experience,0-1years,Keywords/Skills,"Freshers,BPO,VoiceProcessFunctionCustomerService/CallCentre/BPO",Role,CustomerServiceExecutive(Voice)IndustryITES/BPOSalary1.00-2.00lacs,PostedOn,26thFeb2015,,,,,,
,Name,DRKnowledgematicSolutionsPrivateLimited,Locations,"Anantapur,Chittoor",Nationality,India,Experience,2-10years,Keywords/Skills,"CASA,banking,sales,currentaccounts",Education,AnygraduateFunctionSales/BusinessDevelopment,Role,RelationshipMgr/AccountServicingIndustryBanking/FinancialServices,PostedOn,13thFeb2015,,
,Name,DSquareServices,Locations,Noida,Experience,0-5years,Keywords/Skills,clientservicing,Education,AnygraduateFunctionAdmin/Secretarial,Role,ExecutiveSecretary/PersonalAssistantIndustryAdvertising/PR/Events,PostedOn,18thMar2015,,,,
,Name,DaffodilSoftwareLimited,Locations,Gurgaon,Experience,1-4years,Keywords/Skills,"php,""corephp""""corephp""drupal,""drupal6"",""drupal7"",FunctionIT",Role,SoftwareEngineer/ProgrammerIndustryIT/Computers-Software,PostedOn,7thFeb2015,,,,,,
,Name,DamaSignetSolutionsPrivateLimited,Locations,Bengaluru/Bangalore,Experience,0-0years,Keywords/Skills,"btechfreshers,""btechfreshers"",""befreshers"",""btechfreshers"",""javafreshers"","".netfreshers"",FunctionIT",Role,SoftwareEngineer/ProgrammerIndustryIT/Computers-Software,PostedOn,13thMar2015,JobRefcode,SS00I,,,,
,Name,DamaSignetSolutionsPrivateLimited,Locations,Bengaluru/Bangalore,Experience,0-0years,Keywords/Skills,"btechfreshers,""btechfreshers"",""befreshers"",""btechfreshers"",""javafreshers"","".netfreshers"",FunctionIT",Role,SoftwareEngineer/ProgrammerIndustryIT/Computers-Software,PostedOn,2ndMar2015,JobRefcode,SS00U,,,,
,Name,DamaSignetSolutionsPrivateLimited,Locations,Bengaluru/Bangalore,Experience,0-0years,Keywords/Skills,"btechfreshers,""btechfreshers"",""befreshers"",""btechfreshers"",""javafreshers"","".netfreshers"",FunctionIT",Role,SoftwareEngineer/ProgrammerIndustryIT/Computers-Software,PostedOn,12thFeb2015,JobRefcode,SS00U,,,,
Walk-inDetailsDate:24/03/2015To24/03/2015Timings:11:00AMto6:00PMCity:PuneVenueDetailsShallbeavailableonsuccessfulapplication.,Name,H&RBlockIndiaPrivateLimited,Locations,Pune,Experience,0-8years,Keywords/Skills,"CAcompletedcandidateswithorwithoutworkexperience.FunctionBanking,Insurance&FinancialServices",Role,OtherRoles-CHARTEREDACCOUNTANTIndustryBanking/FinancialServices,PostedOn,18thMar2015,,,,,,
,Name,H&RBlockIndiaPrivateLimited,Locations,Pune,Experience,0-8years,Keywords/Skills,"CACompletedFunctionBanking,Insurance&FinancialServices",Role,OtherBFSI-CHARTEREDACCOUNTANTIndustryBanking/FinancialServices,PostedOn,18thMar2015,,,,,,
,Name,H&RBlockIndiaPrivateLimited,Locations,Hyderabad/Secunderabad,Experience,1-5years,Keywords/Skills,"BPO""TelesalesExecutive""""PhoneSales""FunctionCustomerService/CallCentre/BPO",Role,CustomerServiceExecutive(Voice)IndustryBanking/FinancialServices,PostedOn,10thMar2015,,,,,,
,Name,H&RBlockIndiaPrivateLimited,Locations,Hyderabad/Secunderabad,Experience,0-8years,Keywords/Skills,"CA""TaxAdvisor""CS""""MBAFINANCE""FunctionBanking,Insurance&FinancialServices",Role,OtherBFSI-CHARTEREDACCOUNTANTIndustryBanking/FinancialServices,PostedOn,27thFeb2015,,,,,,
,Name,H&RBlockIndiaPrivateLimited,Locations,Pune,Experience,0-8years,Keywords/Skills,"CA""TaxAdvisor""CS""""MBAFINANCE""FunctionBanking,Insurance&FinancialServices",Role,OtherBFSI-CHARTEREDACCOUNTANTIndustryBanking/FinancialServices,PostedOn,27thFeb2015,,,,,,
,Name,H&RBlockIndiaPrivateLimited,Locations,Pune,Experience,3-7years,Keywords/Skills,"US&FederalTax""Form1040""FunctionBanking,Insurance&FinancialServices",Role,OtherBFSI-USContentWriterIndustryBanking/FinancialServices,PostedOn,25thFeb2015,,,,,,
,Name,H&RBlockIndiaPrivateLimited,Locations,Gurgaon,Experience,1-5years,Keywords/Skills,"CorporateSales,""BusinessDevelopment""FunctionSales/BusinessDevelopment",Role,FresherSalesExec/SalesRepresentativeInstitutionalsalesBusinessDevelopmentExecutiveIndustryBanking/FinancialServicesInsurance,PostedOn,25thFeb2015,,,,,,
,Name,H&RBlockIndiaPrivateLimited,Locations,"Mumbai,Pune",Experience,3-5years,Keywords/Skills,"BusinessDevelopment,""Sales"",""CorporateSales"",""InstitutionalSales"",""BulkSales"".FunctionSales/BusinessDevelopment",Role,SalesExec/SalesRepresentativeChannelSalesManagerInstitutionalsalesBusinessDevelopmentExecutiveIndustryAny,PostedOn,13thFeb2015,,,,,,
,Name,H&RBlockIndiaPrivateLimited,Locations,"Bengaluru/Bangalore,Gurgaon",Experience,3-5years,Keywords/Skills,"BusinessDevelopment,""Sales"",""CorporateSales"",""InstitutionalSales"",""BulkSales"".FunctionSales/BusinessDevelopment",Role,InstitutionalsalesBusinessDevelopmentExecutiveOtherSalesIndustryAny,PostedOn,12thFeb2015,,,,,,
,Name,H&RBlockIndiaPrivateLimited,Locations,Hyderabad/Secunderabad,Experience,0-4years,Keywords/Skills,"SeasonalAssociate,""TaxAdvisor""FunctionFinance&Accounts",Role,OtherRolesIndustryBanking/FinancialServices,PostedOn,12thFeb2015,,,,,,
,Name,H&RBlockIndiaPrivateLimited,Locations,Pune,Experience,0-2years,Keywords/Skills,"MarketingIntern,""MarketingFresher""FunctionMarketing&Communications",Role,FresherTrainee/ManagementTraineeIndustryBanking/FinancialServices,PostedOn,11thFeb2015,,,,,,
,Name,H&RBlockIndiaPrivateLimited,Locations,Pune,Experience,2-6years,Keywords/Skills,"ContentWriter,""ContentWriting"",""SubjectMatterExpertise"".",Role,OtherRoles-ContentWriter,PostedOn,10thFeb2015,,,,,,
,Name,H&RBlockIndiaPrivateLimited,Locations,"Mumbai,Pune",Experience,3-8years,Keywords/Skills,"ContentWriter,SubjectMatterExpertFunctionBanking,Insurance&FinancialServices",Role,OtherRolesIndustryBanking/FinancialServices,PostedOn,5thFeb2015,,,,,,
,Name,H&RBlockIndiaPrivateLimited,Locations,Bengaluru/Bangalore,Experience,0-4years,Keywords/Skills,"CAFresher,CAexperienced.FunctionFinance&Accounts",Role,CostAccountant/ICWACharteredAccountant(CPA)IndustryBanking/FinancialServices,PostedOn,5thFeb2015,,,,,,
,Name,HacxadInfotechPrivateLimited,Locations,Gurgaon,Nationality,India,Experience,0-3years,Keywords/Skills,"ITES,BPO,KPO,LPO,CustomerService,Operations,Sales,collections,freshers,",Education,AnygraduateFunctionCustomerService/CallCentre/BPOIT,Role,TechnicalSupportExecutive(voice)CustomerServiceExecutive(Voice)IndustryITES/BPOSalary0.10-4.80lacs,PostedOn,10thMar2015,JobRefcode,Associate/SeniorAssociate-(Tech/sales/CSO/HR)
,Name,HacxadInfotechPrivateLimited,Locations,Gurgaon,Nationality,India,Experience,0-3years,Keywords/Skills,"ITES,BPO,KPO,LPO,CustomerService,Operations,Sales,collections,freshers,",Education,AnygraduateFunctionCustomerService/CallCentre/BPOIT,Role,TechnicalSupportExecutive(voice)CustomerServiceExecutive(Voice)IndustryITES/BPOSalary0.10-4.80lacs,PostedOn,3rdMar2015,JobRefcode,Associate/SeniorAssociate-(Tech/sales/CSO/HR)
,Name,HacxadInfotechPrivateLimited,Locations,Gurgaon,Nationality,India,Experience,0-3years,Keywords/Skills,"ITES,BPO,KPO,LPO,CustomerService,Operations,Sales,collections,freshers,",Education,AnygraduateFunctionCustomerService/CallCentre/BPOIT,Role,TechnicalSupportExecutive(voice)CustomerServiceExecutive(Voice)IndustryITES/BPOSalary0.10-4.80lacs,PostedOn,2ndMar2015,JobRefcode,Associate/SeniorAssociate-(Tech/sales/CSO/HR)
,Name,HacxadInfotechPrivateLimited,Locations,Gurgaon,Nationality,India,Experience,0-3years,Keywords/Skills,"ITES,BPO,KPO,LPO,CustomerService,Operations,Sales,collections,freshers,",Education,AnygraduateFunctionCustomerService/CallCentre/BPOIT,Role,TechnicalSupportExecutive(voice)CustomerServiceExecutive(Voice)IndustryITES/BPOSalary0.10-3.80lacs,PostedOn,26thFeb2015,JobRefcode,Associate/SeniorAssociate-(Tech/sales/CSO/HR)
,Name,HacxadInfotechPrivateLimited,Locations,Gurgaon,Nationality,India,Experience,0-3years,Keywords/Skills,"ITES,BPO,KPO,LPO,CustomerService,Operations,Sales,collections,freshers,",Education,AnygraduateFunctionCustomerService/CallCentre/BPOIT,Role,TechnicalSupportExecutive(voice)CustomerServiceExecutive(Voice)IndustryITES/BPOSalary0.10-4.80lacs,PostedOn,24thFeb2015,JobRefcode,Associate/SeniorAssociate-(Tech/sales/CSO/HR)
,Name,HacxadInfotechPrivateLimited,Locations,Gurgaon,Nationality,India,Experience,0-3years,Keywords/Skills,"ITES,BPO,KPO,LPO,CustomerService,Operations,Sales,collections,freshers,",Education,AnygraduateFunctionCustomerService/CallCentre/BPOIT,Role,TechnicalSupportExecutive(voice)CustomerServiceExecutive(Voice)IndustryITES/BPOSalary0.10-4.80lacs,PostedOn,23rdFeb2015,JobRefcode,Associate/SeniorAssociate-(Tech/sales/CSO/HR)
,Name,HacxadInfotechPrivateLimited,Locations,Gurgaon,Nationality,India,Experience,0-3years,Keywords/Skills,"ITES,BPO,KPO,LPO,CustomerService,Operations,Sales,collections,freshers,",Education,AnygraduateFunctionCustomerService/CallCentre/BPOIT,Role,TechnicalSupportExecutive(voice)CustomerServiceExecutive(Voice)IndustryITES/BPOSalary0.10-4.80lacs,PostedOn,21stFeb2015,JobRefcode,Associate/SeniorAssociate-(Tech/sales/CSO/HR)
,Name,HacxadInfotechPrivateLimited,Locations,Gurgaon,Nationality,India,Experience,0-3years,Keywords/Skills,"ITES,BPO,KPO,LPO,CustomerService,Operations,Sales,collections,freshers,",Education,AnygraduateFunctionCustomerService/CallCentre/BPOIT,Role,TechnicalSupportExecutive(voice)CustomerServiceExecutive(Voice)IndustryITES/BPOSalary0.10-4.80lacs,PostedOn,18thFeb2015,JobRefcode,Associate/SeniorAssociate-(Tech/sales/CSO/HR)
,Name,HacxadInfotechPrivateLimited,Locations,Gurgaon,Nationality,India,Experience,0-3years,Keywords/Skills,"ITES,BPO,KPO,LPO,CustomerService,Operations,Sales,collections,freshers,",Education,AnygraduateFunctionCustomerService/CallCentre/BPOIT,Role,TechnicalSupportExecutive(voice)CustomerServiceExecutive(Voice)IndustryITES/BPOSalary0.10-4.80lacs,PostedOn,17thFeb2015,JobRefcode,Associate/SeniorAssociate-(Tech/sales/CSO/HR)
,Name,HacxadInfotechPrivateLimited,Locations,Gurgaon,Nationality,India,Experience,0-3years,Keywords/Skills,"ITES,BPO,KPO,LPO,CustomerService,Operations,Sales,collections,freshers,",Education,AnygraduateFunctionCustomerService/CallCentre/BPOIT,Role,TechnicalSupportExecutive(voice)CustomerServiceExecutive(Voice)IndustryITES/BPOSalary0.10-4.80lacs,PostedOn,14thFeb2015,JobRefcode,Associate/SeniorAssociate-(Tech/sales/CSO/HR)
,Name,HacxadInfotechPrivateLimited,Locations,Gurgaon,Nationality,India,Experience,0-3years,Keywords/Skills,"ITES,BPO,KPO,LPO,CustomerService,Operations,Sales,collections,freshers,",Education,AnygraduateFunctionCustomerService/CallCentre/BPOIT,Role,TechnicalSupportExecutive(voice)CustomerServiceExecutive(Voice)IndustryITES/BPOSalary0.10-4.80lacs,PostedOn,12thFeb2015,JobRefcode,Associate/SeniorAssociate-(Tech/sales/CSO/HR)
,Name,HacxadInfotechPrivateLimited,Locations,Gurgaon,Nationality,India,Experience,0-3years,Keywords/Skills,"ITES,BPO,KPO,LPO,CustomerService,Operations,Sales,collections,freshers,",Education,AnygraduateFunctionCustomerService/CallCentre/BPOIT,Role,TechnicalSupportExecutive(voice)CustomerServiceExecutive(Voice)IndustryITES/BPOSalary0.10-4.80lacs,PostedOn,4thFeb2015,JobRefcode,Associate/SeniorAssociate-(Tech/sales/CSO/HR)
,Name,HacxadInfotechPrivateLimited,Locations,Gurgaon,Nationality,India,Experience,0-3years,Keywords/Skills,"ITES,BPO,KPO,LPO,CustomerService,Operations,Sales,collections,freshers,",Education,AnygraduateFunctionCustomerService/CallCentre/BPOIT,Role,TechnicalSupportExecutive(voice)CustomerServiceExecutive(Voice)IndustryITES/BPOSalary0.10-4.80lacs,PostedOn,2ndFeb2015,JobRefcode,Associate/SeniorAssociate-(Tech/sales/CSO/HR)
,Name,HacxadInfotechPrivateLimited,Locations,Gurgaon,Nationality,India,Experience,0-3years,Keywords/Skills,"ITES,BPO,KPO,LPO,CustomerService,Operations,Sales,collections,freshers,",Education,AnygraduateFunctionCustomerService/CallCentre/BPOIT,Role,TechnicalSupportExecutive(voice)CustomerServiceExecutive(Voice)IndustryITES/BPOSalary1.10-4.80lacs,PostedOn,26thJan2015,JobRefcode,Associate/SeniorAssociate-(Tech/sales/CSO/HR)
,Name,HallmarkGlobalTechnologiesLimited,Locations,Chennai,Experience,3-6years,Keywords/Skills,"MSSQLServer2012/2014,SSIS,SSAS,SSRS,MDX,.NET(C#),ETLandOLAPTools",Education,AnygraduateFunctionIT,Role,SoftwareEngineer/ProgrammerIndustryIT/Computers-Software,PostedOn,19thMar2015,,,,
,Name,HallmarkGlobalTechnologiesLimited,Locations,Hyderabad/Secunderabad,Experience,8-10years,Keywords/Skills,"JAVAARCHITECT,CoreJava1.6,springframework3.0,Hibernate4.0,JSP,JQuery,Oracle,MSSQL.FunctionIT",Role,SystemAnalyst/TechArchitectIndustryIT/Computers-Software,PostedOn,18thMar2015,,,,,,
,Name,HallmarkGlobalTechnologiesLimited,Locations,Chennai,Experience,2-4years,Keywords/Skills,"problemManagement,ITILFunctionIT",Role,ProgramManagerIndustryIT/Computers-Software,PostedOn,17thMar2015,,,,,,
,Name,HallmarkGlobalTechnologiesLimited,Locations,Hyderabad/Secunderabad,Experience,4-6years,Keywords/Skills,"cognos,'Framworkmanager','reportstudio'FunctionIT",Role,SoftwareEngineer/ProgrammerSystemsEngineerIndustryIT/Computers-Software,PostedOn,3rdMar2015,,,,,,
,Name,HallmarkGlobalTechnologiesLimited,Locations,Hyderabad/Secunderabad,Experience,3-6years,Keywords/Skills,"ODI,OBIA,'oracledataintegrator'FunctionIT",Role,SoftwareEngineer/ProgrammerIndustryIT/Computers-Software,PostedOn,3rdMar2015,,,,,,
,Name,HallmarkGlobalTechnologiesLimited,Locations,Hyderabad/Secunderabad,Experience,2-5years,Keywords/Skills,"'OracleCRM',RICE,'XMLPublisher','OracleERP','OAFramework'FunctionIT",Role,SoftwareEngineer/ProgrammerSystemsEngineerIndustryIT/Computers-Software,PostedOn,27thFeb2015,,,,,,
,Name,HallmarkGlobalTechnologiesLimited,Locations,Hyderabad/Secunderabad,Experience,3-8years,Keywords/Skills,"Unibasic,unidata,unipick,'picksystem','unidata'FunctionIT",Role,SoftwareEngineer/ProgrammerSystemsEngineerTeamLeader/TechnicalLeaderIndustryIT/Computers-Software,PostedOn,25thFeb2015,,,,,,
,Name,HallmarkGlobalTechnologiesLimited,Locations,Hyderabad/Secunderabad,Experience,2-4years,Keywords/Skills,USITRecruiterFunctionHumanResources,Role,HRExecutive/RecruiterIndustryIT/Computers-Software,PostedOn,23rdFeb2015,JobRefcode,OpeningforUSITRecruiter,,,,
,Name,HallmarkGlobalTechnologiesLimited,Locations,Hyderabad/Secunderabad,Experience,3-6years,Keywords/Skills,"WESB,Java,J2ee,Corejava.'websphereEnterpriseServicebus','ESB'FunctionIT",Role,SoftwareEngineer/ProgrammerIndustryIT/Computers-Software,PostedOn,17thFeb2015,,,,,,
,Name,HallmarkGlobalTechnologiesLimited,Locations,"Bengaluru/Bangalore,Chennai",Experience,4-8years,Keywords/Skills,"'MSCRM','MSDCRM','MicrosoftDynamics','CRMSDK','MSCRM','MSDCRM'FunctionIT",Role,SoftwareEngineer/ProgrammerIndustryIT/Computers-Software,PostedOn,10thFeb2015,,,,,,
,Name,HallmarkGlobalTechnologiesLimited,Locations,"Mumbai,MumbaiCity,NaviMumbai,Thane",Experience,3-5years,Keywords/Skills,"HTML,CSS,Xhtml,jquery,""userinterface"",""userdesigner""FunctionIT",Role,SoftwareEngineer/ProgrammerTeamLeader/TechnicalLeaderGraphicDesigner/AnimatorWebMaster/WebSiteManagerIndustryIT/Computers-Software,PostedOn,5thFeb2015,,,,,,
,Name,HallmarkGlobalTechnologiesLimited,Locations,Chennai,Experience,5-8years,Keywords/Skills,"HTML,XHTML,CSS,FunctionIT",Role,GraphicDesigner/AnimatorIndustryIT/Computers-Software,PostedOn,5thFeb2015,,,,,,
,Name,HallmarkGlobalTechnologiesLimited,Locations,Hyderabad/Secunderabad,Experience,1-2years,Keywords/Skills,"OPTHiring.,""OPTRecruiter""FunctionHumanResources",Role,HRExecutive/RecruiterIndustryIT/Computers-Software,PostedOn,30thJan2015,JobRefcode,OpeningforOPTRecruiter,,,,
,Name,HallmarkGlobalTechnologiesLimited,Locations,Hyderabad/Secunderabad,Experience,6-8years,Keywords/Skills,"SAPSD,SalesanddistributionFunctionIT",Role,SoftwareEngineer/ProgrammerIndustryIT/Computers-Software,PostedOn,27thJan2015,,,,,,
,Name,HallmarkGlobalTechnologiesLimited,Locations,Chennai,Experience,3-7years,Keywords/Skills,NetappFunctionIT,Role,SoftwareEngineer/ProgrammerIndustryIT/Computers-Software,PostedOn,23rdJan2015,,,,,,
,Name,HallmarkGlobalTechnologiesLimited,Locations,Chennai,Experience,3-7years,Keywords/Skills,vmaxFunctionIT,Role,SoftwareEngineer/ProgrammerIndustryIT/Computers-Software,PostedOn,23rdJan2015,,,,,,
,Name,HCLInfosystemsLimited,Locations,Kavaratti,Nationality,India,Experience,0-1years,Keywords/Skills,desktop/hardware,Education,"BCA,B.E/B.Tech,DiplomaFunctionIT",Role,H/WInstallation/MaintenanceEnggIndustryIT/Computers-Hardware,PostedOn,12thMar2015,,
,Name,HCLInfosystemsLimited,Locations,Kavaratti,Nationality,India,Experience,0-1years,Keywords/Skills,desktop/hardware,Education,B.E/B.TechFunctionIT,Role,H/WInstallation/MaintenanceEnggIndustryIT/Computers-Hardware,PostedOn,12thMar2015,,
,Name,HCLInfosystemsLimited,Locations,Pondicherry,Nationality,India,Experience,2-4years,Keywords/Skills,"6yearsofBPOindustryexperiencewithatleast2yearSMEexperienceinDesktops,Laptop,Printersenvironment",Education,AnygraduateFunctionIT,Role,TeamLeader/TechnicalLeaderIndustryITES/BPO,PostedOn,13thFeb2015,JobRefcode,prithvi006
,Name,HCLInfosystemsLimited,Locations,Pondicherry,Nationality,India,Experience,1-4years,Keywords/Skills,ofbasichardware/softwareconceptsonDesktop/laptop/Printersalongwithcompletesetupandinstallationprocess,Education,AnygraduateFunctionIT,Role,TechnicalSupportEngineerIndustryITES/BPO,PostedOn,11thFeb2015,JobRefcode,prithvi005
,Name,HCLTechnologiesLimited,Locations,Chennai,Nationality,India,Experience,5-10years,Keywords/Skills,"OracleApps,HRMS,HRMSPayroll,OracleAppsHRMSPayrollFunctionIT",Role,SoftwareEngineer/ProgrammerIndustryIT/Computers-Software,PostedOn,19thMar2015,JobRefcode,HRMSChennai,,
Walk-inDetailsDate:21/03/2015To21/03/2015Timings:9:00AMto2:30PMCity:ChennaiVenueDetailsShallbeavailableonsuccessfulapplication.,Name,HCLTechnologiesLimited,Locations,Chennai,Experience,3-8years,Keywords/Skills,"devicedriver,""linuxdevicedriver"",""kernelprogramming"",""devicedriver""",Education,"B.E/B.Tech,MBA,MCA,M.E/M.Tech/MS,M.Sc,PGDCA,PGDiplomaFunctionIT",Role,SoftwareEngineer/ProgrammerTeamLeader/TechnicalLeaderIndustryIT/Computers-Software,PostedOn,18thMar2015,,,,
,Name,HCLTechnologiesLimited,Locations,Chennai,Experience,3-8years,Keywords/Skills,"c,""linuxdevicedriver"",""devicedriver"",""kernelprogramming"",""linuxinternals"",""kernelinternal""Uboot"",""boardbringup"",""Bootloader"",""BSP"",""DeviceDriver""FunctionIT",Role,SoftwareEngineer/ProgrammerTeamLeader/TechnicalLeaderIndustryIT/Computers-Software,PostedOn,18thMar2015,JobRefcode,CPlatformDev,,,,
,Name,HCLTechnologiesLimited,Locations,Chennai,Experience,3-8years,Keywords/Skills,"c,""linuxdevicedriver"",""devicedriver"",""kernelprogramming"",""linuxinternals"",""kernelinternal""FunctionIT",Role,SoftwareEngineer/ProgrammerTeamLeader/TechnicalLeaderIndustryIT/Computers-Software,PostedOn,18thMar2015,JobRefcode,CLinux,,,,
Walk-inDetailsDate:25/03/2015To25/03/2015Timings:10:00AMto5:00PMCity:ChennaiVenueDetailsShallbeavailableonsuccessfulapplication.,Name,HCLTechnologiesLimited,Locations,"Chennai,Coimbatore",Experience,0-2years,Keywords/Skills,"CapitalMarkets,""FundAdministration"",Finance,Accounting,""F&A"",""Finance&Accounting"",Accounts,""MutualFunds"",Equities,Bonds,Derivatives,FX,""BankDebts"",financial",Education,"B.A,B.B.A,B.Com,M.A,MBA,M.ComFunctionFinance&Accounts",Role,FresherIndustryITES/BPO,PostedOn,18thMar2015,,,,
Walk-inDetailsDate:27/03/2015To27/03/2015Timings:10:00AMto5:00PMCity:CoimbatoreVenueDetailsShallbeavailableonsuccessfulapplication.,Name,HCLTechnologiesLimited,Locations,"Chennai,Coimbatore",Experience,0-2years,Keywords/Skills,"CapitalMarkets,""FundAdministration"",Finance,Accounting,""F&A"",""Finance&Accounting"",Accounts,""MutualFunds"",Equities,Bonds,Derivatives,FX,""BankDebts"",financial",Education,"B.A,B.B.A,B.Com,M.A,MBA,M.ComFunctionFinance&Accounts",Role,FresherIndustryITES/BPO,PostedOn,18thMar2015,,,,
Walk-inDetailsDate:31/03/2015To31/03/2015Timings:10:00AMto5:00PMCity:CoimbatoreVenueDetailsShallbeavailableonsuccessfulapplication.,Name,HCLTechnologiesLimited,Locations,"Chennai,Coimbatore",Experience,0-2years,Keywords/Skills,"CapitalMarkets,""FundAdministration"",Finance,Accounting,""F&A"",""Finance&Accounting"",Accounts,""MutualFunds"",Equities,Bonds,Derivatives,FX,""BankDebts"",financial",Education,"B.A,B.B.A,B.Com,M.A,MBA,M.ComFunctionFinance&Accounts",Role,FresherIndustryITES/BPO,PostedOn,18thMar2015,,,,
Walk-inDetailsDate:24/03/2015To24/03/2015Timings:10:00AMto5:00PMCity:ChennaiVenueDetailsShallbeavailableonsuccessfulapplication.,Name,HCLTechnologiesLimited,Locations,"Chennai,Coimbatore",Experience,0-2years,Keywords/Skills,"CapitalMarkets,""FundAdministration"",Finance,Accounting,""F&A"",""Finance&Accounting"",Accounts,""MutualFunds"",Equities,Bonds,Derivatives,FX,""BankDebts"",financial",Education,"B.A,B.B.A,B.Com,M.A,MBA,M.ComFunctionFinance&Accounts",Role,FresherIndustryITES/BPO,PostedOn,18thMar2015,,,,
Walk-inDetailsDate:20/03/2015To20/03/2015Timings:10:00AMto5:00PMCity:Cochin/Kochi/ErnakulamVenueDetailsShallbeavailableonsuccessfulapplication.,Name,HCLTechnologiesLimited,Locations,"Chennai,Coimbatore",Experience,0-2years,Keywords/Skills,"CapitalMarkets,""FundAdministration"",Finance,Accounting,""F&A"",""Finance&Accounting"",Accounts,""MutualFunds"",Equities,Bonds,Derivatives,FX,""BankDebts"",financial",Education,"B.A,B.B.A,B.Com,M.A,MBA,M.ComFunctionFinance&Accounts",Role,FresherIndustryITES/BPO,PostedOn,18thMar2015,,,,
,Name,HCLTechnologiesLimited,Locations,"Chennai,Coimbatore",Experience,0-2years,Keywords/Skills,"CapitalMarkets,""FundAdministration"",Finance,Accounting,""F&A"",""Finance&Accounting"",Accounts,""MutualFunds"",Equities,Bonds,Derivatives,FX,""BankDebts"",financial",Education,"B.A,B.B.A,B.Com,M.A,MBA,M.ComFunctionFinance&Accounts",Role,FresherIndustryITES/BPO,PostedOn,18thMar2015,,,,
,Name,HCLTechnologiesLimited,Locations,Chennai,Experience,2-7years,Keywords/Skills,"msdynamicsCRM,CRM,DynamicsCRMFunctionIT",Role,SoftwareEngineer/ProgrammerIndustryIT/Computers-Software,PostedOn,18thMar2015,,,,,,
,Name,HCLTechnologiesLimited,Locations,Chennai,Experience,0-4years,Keywords/Skills,"TechnicalSupport,""TechSupport"",""ITHelpdesk"",""ServiceDesk"",""Servicedesk""FunctionIT",Role,SystemAdministratorIndustryITES/BPOIT/Computers-HardwareSalary1.00-4.00lacs,PostedOn,16thMar2015,,,,,,
,Name,HCLTechnologiesLimited,Locations,Noida,Experience,3-10years,Keywords/Skills,"MSExchangeAdmin,""MSExchangeAdministration"",""MSExchangeAdministrator"",""Exchangeadmin"",""ExchangeAdministration"",""Exchangeadministrator"",""Exchangeserveradmin"",""Exchangeserveradministration"",""Exchangeserveradministrator""FunctionIT",Role,SystemAdministratorIndustryIT/Computers-SoftwareSalary3.00-15.00lacs,PostedOn,16thMar2015,,,,,,
,Name,HCLTechnologiesLimited,Locations,Chennai,Experience,3-8years,Keywords/Skills,"odi,ODI,'oracleDataintegrator','OracleDataIntegration','OracleDataIntegrating','OracleDataIntegratings','OracleDataIntegrations','OracleDataIntegrator','ODIDeveloper','OracleDataIntegratorsdevelopers'FunctionIT",Role,SoftwareEngineer/ProgrammerSystemsEngineerTeamLeader/TechnicalLeaderSystemAnalyst/TechArchitectIndustryIT/Computers-Software,PostedOn,16thMar2015,,,,,,
Walk-inDetailsDate:21/03/2015To21/03/2015Timings:10:00AMto2:00PMCity:ChennaiVenueDetailsShallbeavailableonsuccessfulapplication.,Name,HCLTechnologiesLimited,Locations,Chennai,Experience,3-8years,Keywords/Skills,"ODI,'ODI','oracleDataIntegrator','OracleDataIntegration','OracleDataIntegrating','ODIDeveloper','ORACLEDATADEVELOPER','oracleDataintegrator'",Education,AnygraduateFunctionIT,Role,SoftwareEngineer/ProgrammerTeamLeader/TechnicalLeaderProjectLeader/ProjectManagerDatabaseArchitect/DesignerIndustryIT/Computers-Software,PostedOn,16thMar2015,,,,
,Name,HCLTechnologiesLimited,Locations,Chennai,Nationality,India,Experience,7-9years,Keywords/Skills,"humanresource,""Sourcinglead"",""talentacqusition"",""recruitment"",""sourcingplanner""",Education,MBAFunctionHumanResources,Role,Recruitment-Head/MgrIndustryIT/Computers-Software,PostedOn,12thMar2015,,
,Name,HCLTechnologiesLimited,Locations,"Delhi,Noida",Experience,17-25years,Keywords/Skills,"MiningLeader,MiningDeliveryLeader",Education,Anygraduate,Role,OtherRolesIndustryMining,PostedOn,12thMar2015,,,,
,Name,HCLTechnologiesLimited,Locations,Bengaluru/Bangalore,Experience,4-9years,Keywords/Skills,"Cognos,CognosDeveloper,CognosProgrammerFunctionIT",Role,SoftwareEngineer/ProgrammerTeamLeader/TechnicalLeaderIndustryIT/Computers-Software,PostedOn,11thMar2015,,,,,,
,Name,HCLTechnologiesLimited,Locations,Noida,Experience,0-4years,Keywords/Skills,"ITHelpdesk,ServiceDesk,""Technicalsupportofficer"",""Semitechnical"",""technicalvoice/semivoice"",""TSO"",""technicalassociate"",""technicalsupportofficer"",""technicalsupportexecutiveFunctionCustomerService/CallCentre/BPO",Role,TechnicalSupportExecutive(voice)CustomerServiceExecutive(Voice)IndustryITES/BPOSalary1.80-4.00lacs,PostedOn,11thMar2015,,,,,,
,Name,HCLTechnologiesLimited,Locations,Noida,Experience,0-4years,Keywords/Skills,"ITHelpdesk,ServiceDesk,""Technicalsupportofficer"",""Semitechnical"",""technicalvoice/semivoice"",""TSO"",""technicalassociate"",""technicalsupportofficer"",""technicalsupportexecutiveFunctionCustomerService/CallCentre/BPO",Role,TechnicalSupportExecutive(voice)CustomerServiceExecutive(Voice)IndustryITES/BPOSalary1.80-4.00lacs,PostedOn,11thMar2015,,,,,,
,Name,HCLTechnologiesLimited,Locations,Bengaluru/Bangalore,Experience,1-5years,Keywords/Skills,"TechnicalSupport,""TechnicalAnalyst"",""ITAnalyst"",""ServiceDesk"",""ITHelpDesk""FunctionCustomerService/CallCentre/BPOIT",Role,TechnicalSupportEngineerIndustryITES/BPOIT/Computers-Hardware,PostedOn,11thMar2015,,,,,,
,Name,HCLTechnologiesLimited,Locations,Chennai,Experience,1-5years,Keywords/Skills,"TechnicalSupport,""TechnicalAnalyst"",""ITAnalyst"",""ServiceDesk"",""ITHelpDesk""FunctionCustomerService/CallCentre/BPOIT",Role,TechnicalSupportEngineerIndustryITES/BPOIT/Computers-Hardware,PostedOn,11thMar2015,,,,,,
,Name,HCLTechnologiesLimited,Locations,Chennai,Experience,3-8years,Keywords/Skills,"c,""linuxdevicedriver"",""devicedriver"",""kernelprogramming"",""linuxinternals"",""kernelinternal""Uboot"",""boardbringup"",""Bootloader"",""BSP"",""DeviceDriver""FunctionIT",Role,SoftwareEngineer/ProgrammerTeamLeader/TechnicalLeaderIndustryIT/Computers-Software,PostedOn,11thMar2015,JobRefcode,CPlatformDev,,,,
,Name,HCLTechnologiesLimited,Locations,Chennai,Experience,3-8years,Keywords/Skills,"c,""linuxdevicedriver"",""devicedriver"",""kernelprogramming"",""linuxinternals"",""kernelinternal""FunctionIT",Role,SoftwareEngineer/ProgrammerTeamLeader/TechnicalLeaderIndustryIT/Computers-Software,PostedOn,11thMar2015,JobRefcode,CLinux,,,,
,Name,HCLTechnologiesLimited,Locations,Noida,Experience,0-4years,Keywords/Skills,"ITHelpdesk,ServiceDesk,""Technicalsupportofficer"",""Semitechnical"",""technicalvoice/semivoice"",""TSO"",""technicalassociate"",""technicalsupportofficer"",""technicalsupportexecutiveFunctionCustomerService/CallCentre/BPO",Role,TechnicalSupportExecutive(voice)CustomerServiceExecutive(Voice)IndustryITES/BPOSalary1.80-4.00lacs,PostedOn,10thMar2015,,,,,,
,Name,HCLTechnologiesLimited,Locations,Chennai,Experience,0-3years,Keywords/Skills,"Freshers,Fresher,Telecom,""VoiceProcess"",""TechnicalSupport"",""TechSupport"",Voice,Inbound,""Customerservice""",Education,AnygraduateFunctionCustomerService/CallCentre/BPO,Role,FresherTechnicalSupportExecutive(voice)CustomerServiceExecutive(Voice)IndustryIT/Computers-Software,PostedOn,9thMar2015,,,,
,Name,HCLTechnologiesLimited,Locations,"Chennai,Coimbatore",Experience,0-2years,Keywords/Skills,"CapitalMarkets,""FundAdministration""Finance&Accounting"",""F&A"",Finance,Accounts,Equities,Bonds,Derivatives,FX,""BankDebts""",Education,"B.A,B.B.A,B.Com,M.A,MBA,M.ComFunctionFinance&Accounts",Role,FresherIndustryITES/BPO,PostedOn,9thMar2015,,,,
Walk-inDetailsDate:16/03/2015To20/03/2015Timings:10:00AMto6:00PMCity:ChennaiVenueDetailsShallbeavailableonsuccessfulapplication.,Name,HCLTechnologiesLimited,Locations,Chennai,Experience,0-3years,Keywords/Skills,"voiceprocess,fresher,bpofresher,callcenter,techsupport,technicalsupportexecutiveFunctionCustomerService/CallCentre/BPO",Role,TechnicalSupportExecutive(voice)IndustryITES/BPO,PostedOn,7thMar2015,,,,,,
,Name,HCLTechnologiesLimited,Locations,Chennai,Experience,5-8years,Keywords/Skills,"FP&A,budgeting,forecasting",Education,CAFunctionFinance&Accounts,Role,Financial/BusinessAnalystIndustryAutomotive/AncillariesIT/Computers-HardwareIT/Computers-SoftwareMachinery/EquipmentMfg.Oil/Gas/PetroleumPharmaceuticalPlastic/RubberTelecomIron/SteelLeatherPaper,PostedOn,7thMar2015,JobRefcode,FP&AChennai/07/03,,
,Name,HCLTechnologiesLimited,Locations,Noida,Experience,9-12years,Keywords/Skills,CompanySecretary,Education,CS,Role,OtherRoles-CSIndustryIT/Computers-HardwareIT/Computers-Software,PostedOn,7thMar2015,JobRefcode,CS/07/03,,
,Name,HCLTechnologiesLimited,Locations,Noida,Experience,2-7years,Keywords/Skills,"FP&A,budgeting,forecasting",Education,"CA,CAInter,MBAFunctionFinance&Accounts",Role,Financial/BusinessAnalystIndustryIT/Computers-HardwareIT/Computers-Software,PostedOn,7thMar2015,JobRefcode,FP&A/07/03,,
,Name,HCLTechnologiesLimited,Locations,Noida,Experience,7-15years,Keywords/Skills,"contracts,""ITOutsourcingContracts""",Education,BL/LLBFunctionLegal,Role,LegalHeadIndustryIT/Computers-HardwareIT/Computers-Software,PostedOn,7thMar2015,JobRefcode,CCG/07/03,,
,Name,HCLTechnologiesLimited,Locations,Noida,Experience,7-9years,Keywords/Skills,ITAudit,Education,"B.E/B.Tech,CA,MBA",Role,OtherRolesIndustryIT/Computers-HardwareIT/Computers-Software,PostedOn,7thMar2015,,,,
,Name,HCLTechnologiesLimited,Locations,Chennai,Experience,7-9years,Keywords/Skills,"litigation,contracts,",Education,BL/LLBFunctionLegal,Role,OtherLegal/Law-LegalManagerIndustryIT/Computers-HardwareIT/Computers-Software,PostedOn,7thMar2015,JobRefcode,LegalChennai/07/03,,
,Name,HCLTechnologiesLimited,Locations,"Chennai,Coimbatore",Experience,0-2years,Keywords/Skills,"Freshers,Fresher,Accounting,""CapitalMarkets"",""FundAdministration"",""Finance&Accounting""",Education,"B.A,B.B.A,B.Com,M.A,MBA,M.ComFunctionFinance&Accounts",Role,FresherIndustryBanking/FinancialServicesITES/BPO,PostedOn,7thMar2015,,,,
,Name,HCLTechnologiesLimited,Locations,Chennai,Experience,1-6years,Keywords/Skills,"Technicalsupport,""Technicalvoice"",""helpdesk"",""serviceDesk"",""datacenteroperations"",""ITAnalyst"",""Remotedesktopsupport""",Education,AnygraduateFunctionIT,Role,SystemsEngineerSystemAdministratorNetworkAdministratorTechnicalSupportEngineerIndustryIT/Computers-Hardware,PostedOn,6thMar2015,,,,
,Name,I-LinkSoftwarePrivateLimited,Locations,Bengaluru/Bangalore,Experience,1-8years,Keywords/Skills,"USRecruiter,""ITRecruiter"",""USStaffing"",W2,""NIghtShift"",""TechnicalRecruiter""",Education,AnygraduateFunctionHumanResources,Role,"HRExecutive/RecruiterIndustryAutomotive/AncillariesBioTechnology&LifeSciencesFMCGEntertainment/Media/PublishingPharmaceuticalPower/EnergyRetailingTelecomEngineering,Procurement,Construction",PostedOn,14thMar2015,,,,
,Name,IBMDaksh,Locations,Bengaluru/Bangalore,Experience,0-2years,Keywords/Skills,"internationalvoice,voice,CSR,CSE,""customersupport"",""cutomerservice"",BPO,CSA,CCE,CSA,CSR,BPO,Voice,Callcentre,callcenter,bpo,customercare,customersupport,businessprocessoutsourcingFunctionCustomerService/CallCentre/BPO",Role,CustomerServiceExecutive(Voice)IndustryITES/BPOSalary1.20-2.00lacs,PostedOn,20thMar2015,,,,,,
,Name,IBMDaksh,Locations,Gurgaon,Experience,0-2years,Keywords/Skills,"tse,tso,""technicalsupport"",""technicalprocess"",bpo,""callcenter"",ites,cce,inbound,telecalling,telemarketing,""voiceprocess"",""customercare"",""customersupport"",""customerservicFunctionCustomerService/CallCentre/BPOIT",Role,FresherTechnicalSupportExecutive(voice)CustomerServiceExecutive(Voice)TelemarketingExecutiveIndustryITES/BPOIT/Computers-HardwareIT/Computers-SoftwareAny,PostedOn,16thFeb2015,JobRefcode,G-VM-NCR,,,,
,Name,IcanManpowerSolutions,Locations,Mumbai,Experience,2-4years,Keywords/Skills,"Softwaredeveloper,""ASP.NET4"",ADO.NET,""MSSQL2005"",""AJAXControls""FunctionIT",Role,OtherSoftware/Hardware/EDP-DeveloperIndustryEntertainment/Media/PublishingE-Learning,PostedOn,19thMar2015,JobRefcode,ICC-ECOM-SE,,,,
,Name,IcanManpowerSolutions,Locations,Mumbai,Experience,0-4years,Keywords/Skills,"CSR,Agent,Rep,CSA,Executive,""telecaller"",telecaller,""customersupportexecutive"",bpo,""callcenter"",CSA,CCR,cca,customercare,""customercare""FunctionAdmin/SecretarialCustomerService/CallCentre/BPO",Role,FresherReceptionist/FrontDeskSecretarialCustomerServiceExecutive(Voice)IndustryITES/BPOAdvertising/PR/Events,PostedOn,17thMar2015,JobRefcode,ICMS/AM/CSR-102,,,,
,Name,IcanManpowerSolutions,Locations,Mumbai,Experience,6-7years,Keywords/Skills,"AccountManager,""ManagerAccounts"",accounts,TDS,banks,FunctionFinance&Accounts",Role,AccountantAccountsManagerIndustryBanking/FinancialServicesIT/Computers-HardwareIT/Computers-Software,PostedOn,20thFeb2015,JobRefcode,ICC-1785,,,,
,Name,IcanManpowerSolutions,Locations,Mumbai,Experience,1-2years,Keywords/Skills,"TeamLeader,AM,""LeadGeneration"",""TeamHandling"",BPOFunctionCustomerService/CallCentre/BPOMarketing&Communications",Role,OtherCustomerService/CallCenter-TeamLeaderIndustryAdvertising/PR/EventsMarketResearch,PostedOn,11thFeb2015,JobRefcode,ICC1181,,,,
,Name,IcanManpowerSolutions,Locations,Mumbai,Experience,3-4years,Keywords/Skills,"SapFico,Fico,accounts,accountant,BRD,",Education,"AnygraduateFunctionFinance&AccountsBanking,Insurance&FinancialServices",Role,OtherBFSI-QASapFicoIndustryBanking/FinancialServices,PostedOn,1stFeb2015,JobRefcode,ICC-0109,,
,Name,IcertisSolutions,Locations,Pune,Experience,10-20years,Keywords/Skills,"Healthcare,""Lifescience"",PayerFunctionIT",Role,VP/Head-Technology(IT)ChiefTechnologyOfficerIndustryIT/Computers-Software,PostedOn,17thMar2015,JobRefcode,DirectorofHealthcareandLifesciencesSolutions,,,,
,Name,IcertisSolutions,Locations,Pune,Experience,12-22years,Keywords/Skills,"productmarketing,positioning,""marketingcollateral""FunctionMarketing&Communications",Role,Head-DirectMarketingVP/GM/Head-MarketingIndustryIT/Computers-Software,PostedOn,17thMar2015,,,,,,
,Name,IcertisSolutions,Locations,Pune,Experience,10-14years,Keywords/Skills,"Asp.net,MVC,Azure,Azureintegration,Implementation,TechnicalArchitect",Education,"BCA,B.E/B.Tech,B.Sc,MCA,M.E/M.Tech/MS,M.Sc,PGDCAFunctionIT",Role,TeamLeader/TechnicalLeaderSystemAnalyst/TechArchitectIndustryIT/Computers-Software,PostedOn,17thMar2015,JobRefcode,Monster-Mar'15,,
,Name,IcertisSolutions,Locations,Pune,Experience,2-4years,Keywords/Skills,"ASP.NET3.5/4.0/4.5,MVC,azure",Education,"B.E/B.Tech,B.Sc,MCA,M.E/M.Tech/MS,M.Sc,PGDCA,PGDiplomaFunctionIT",Role,SoftwareEngineer/ProgrammerIndustryIT/Computers-Software,PostedOn,17thMar2015,,,,
,Name,IcertisSolutions,Locations,Pune,Experience,4-8years,Keywords/Skills,"Asp.net,MVC,Azure",Education,"BCA,B.E/B.Tech,B.Sc,MCA,M.E/M.Tech/MS,M.Sc,PGDCA,PGDiplomaFunctionIT",Role,SoftwareEngineer/ProgrammerIndustryIT/Computers-Software,PostedOn,17thMar2015,JobRefcode,SSA/Monster/January2015,,
,Name,IcertisSolutions,Locations,Pune,Experience,2-4years,Keywords/Skills,"customersupport,""Servicerequest"",""technicalsupport"",BPO,KPO",Education,AnygraduateFunctionCustomerService/CallCentre/BPOIT,Role,TechnicalSupportExecutive(voice)TechnicalSupportRepresentative(Non-voice)CustomerServiceExecutive(Voice)CustomerServiceExecutive(Non-voice)IndustryITES/BPO,PostedOn,13thMar2015,JobRefcode,Monster-CBD-June2014,,
,Name,IcertisSolutions,Locations,Pune,Nationality,India,Experience,15-20years,Keywords/Skills,"BigData,AdvancedAnalytics,Hadoop,STORM,SPARK,QlikView,PowerBI,TableauandPowerPivot",Education,B.E/B.TechFunctionIT,Role,DeliveryManagerVP/Head-Technology(IT)ChiefTechnologyOfficerIndustryIT/Computers-Software,PostedOn,4thFeb2015,JobRefcode,HDCloud&BigData/Mar2015/Mon
,Name,IdexcelTechnologiesPrivateLimited,Locations,Hyderabad/Secunderabad,Nationality,India,Experience,0-5years,Keywords/Skills,Businessdevelopment-USA,Education,AnygraduateFunctionSales/BusinessDevelopment,Role,BusinessDevelopmentManagerBusinessDevelopmentExecutiveIndustryITES/BPOSalary2.00-6.00lacs,PostedOn,16thMar2015,,
,Name,IdexcelTechnologiesPrivateLimited,Locations,Hyderabad/Secunderabad,Experience,2-4years,Keywords/Skills,"w2""USRecruiter""""USStaffing""""USITRecruiter""FunctionHumanResources",Role,HRExecutive/RecruiterOtherHumanResourceIndustryIT/Computers-SoftwareConsultancy,PostedOn,10thMar2015,,,,,,
,Name,IdexcelTechnologiesPrivateLimited,Locations,Hyderabad/Secunderabad,Nationality,India,Experience,1-6years,Keywords/Skills,BusinessdevelopmentforITStaffing-USA,Education,"BCA,B.Com,B.E/B.Tech,B.Sc,MBA,FunctionSales/BusinessDevelopment",Role,BusinessDevelopmentManagerBusinessDevelopmentExecutiveIndustryITES/BPOSalary2.00-8.00lacs,PostedOn,4thMar2015,,
,Name,IdexcelTechnologiesPrivateLimited,Locations,Mumbai,Experience,3-5years,Keywords/Skills,"drupal,js,css,formhandling,theming,templates,drupalcoreFunctionIT",Role,SoftwareEngineer/ProgrammerIndustryIT/Computers-Software,PostedOn,26thFeb2015,,,,,,
,Name,IdexcelTechnologiesPrivateLimited,Locations,Hyderabad/Secunderabad,Experience,1-5years,Keywords/Skills,"BDE,""businessdevelopmentexecutive"",""BDM"",""USSTAffing"",""USBD""FunctionIT",Role,OtherSoftware/Hardware/EDP-BusinessDevelopmentExecutiveIndustryIT/Computers-Software,PostedOn,10thFeb2015,,,,,,
,Name,IdexcelTechnologiesPrivateLimited,Locations,Hyderabad/Secunderabad,Experience,3-6years,Keywords/Skills,"w2""USRecruiter""""USStaffing""""USITRecruiter""FunctionHumanResources",Role,HRExecutive/RecruiterOtherHumanResourceIndustryIT/Computers-SoftwareConsultancy,PostedOn,3rdFeb2015,,,,,,
,Name,IdexcelTechnologiesPrivateLimited,Locations,Bengaluru/Bangalore,Experience,6-10years,Keywords/Skills,"Biztalk,ESBToolkit,FunctionIT",Role,SoftwareEngineer/ProgrammerIndustryIT/Computers-Software,PostedOn,21stJan2015,,,,,,
,Name,IdexcelTechnologiesPrivateLimited,Locations,Hyderabad/Secunderabad,Experience,3-10years,Keywords/Skills,"SavvionBPM,BizlogicAPI,SavvionBPMPortal,SBMServer,Java/J2EE,UNIX,BuildandDeployment,IBMWebsphere,Oracle,ShellScripting&Agile.FunctionIT",Role,SoftwareEngineer/ProgrammerIndustryIT/Computers-Software,PostedOn,21stJan2015,,,,,,
,Name,IdexcelTechnologiesPrivateLimited,Locations,Hyderabad/Secunderabad,Experience,2-5years,Keywords/Skills,"w2""USRecruiter""""USStaffing""""USITRecruiter""FunctionHumanResources",Role,OtherHumanResourceIndustryConsultancy,PostedOn,21stJan2015,,,,,,
,Name,IgnifySoftwarePrivateLimited,Locations,Pune,Experience,2-5years,Keywords/Skills,"QA,testing,DynamicsAXFunctionIT",Role,QualityAssuranceExecutiveQualityAssurance-ManagerIndustryIT/Computers-Software,PostedOn,18thMar2015,JobRefcode,QA-DAX,,,,
,Name,IgnifySoftwarePrivateLimited,Locations,Pune,Experience,2-4years,Keywords/Skills,"C#,ASP.NET,Javascript,webservices,JQuery,OOPS,&SQLServer,HTMLFunctionIT",Role,SoftwareEngineer/ProgrammerIndustryIT/Computers-Software,PostedOn,25thFeb2015,,,,,,
,Name,IgnifySoftwarePrivateLimited,Locations,Pune,Experience,3-5years,Keywords/Skills,"SSRS,SQL,.NET,GP2013,Dynamics,AXFunctionIT",Role,TeamLeader/TechnicalLeaderIndustryIT/Computers-Software,PostedOn,24thFeb2015,,,,,,
,Name,IgnifySoftwarePrivateLimited,Locations,"Bengaluru/Bangalore,Pune",Experience,5-10years,Keywords/Skills,"X++,AIF,SSRSFunctionIT",Role,TeamLeader/TechnicalLeaderIndustryIT/Computers-Software,PostedOn,23rdFeb2015,JobRefcode,Sr.TechnicalLead-MicrosoftDynamicsAX,,,,
,Name,IgnifySoftwarePrivateLimited,Locations,Pune,Experience,5-8years,Keywords/Skills,"ASP.NETMVC,C#,OOPS,WCF,SQLServerFunctionIT",Role,SystemAnalyst/TechArchitectIndustryIT/Computers-Software,PostedOn,12thFeb2015,,,,,,
,Name,IhaConsultingServicesPrivateLimited,Locations,Hyderabad/Secunderabad,Experience,35-45years,Keywords/Skills,"Science&Technology,Research&Development,R&D,InstitutionbuildingFunctionManufacturing/Engineering/R&D",Role,ResearchScientist,PostedOn,9thMar2015,,,,,,
,Name,IhaConsultingServicesPrivateLimited,Locations,Hyderabad/Secunderabad,Experience,0-1years,Keywords/Skills,"fresher,Management,Consultancy,globalbusiness,keenlearners",Role,ConsultantIndustryConsultancy,PostedOn,9thMar2015,,,,,,
,Name,IhaConsultingServicesPrivateLimited,Locations,Hyderabad/Secunderabad,Experience,1-3years,Keywords/Skills,"Businessconsultancy,consulting,international,jointventures,acquisitions,mergers,investmentsFunctionMarketing&CommunicationsSales/BusinessDevelopment",Role,CorpCommunications-Manager/ExecutiveIndustryConsultancy,PostedOn,8thMar2015,,,,,,
,Name,IhaConsultingServicesPrivateLimited,Locations,Hyderabad/Secunderabad,Experience,5-10years,Keywords/Skills,"CA,Finance,AccountsFunctionFinance&Accounts",Role,Head/GM-FinanceIndustryConsultancy,PostedOn,18thFeb2015,,,,,,
,Name,IhaConsultingServicesPrivateLimited,Locations,Hyderabad/Secunderabad,Experience,5-8years,Keywords/Skills,"ProjectManagement,PMP,Training",Role,OtherRoles-TrainingConsultantIndustryConsultancy,PostedOn,18thFeb2015,,,,,,
,Name,IhaConsultingServicesPrivateLimited,Locations,Hyderabad/Secunderabad,Experience,25-35years,Keywords/Skills,"Health,Home,DefenceinDelhi",Education,Anygraduate,Role,ConsultantIndustryGovernment/PSU/Defence,PostedOn,10thFeb2015,,,,
,Name,IhaConsultingServicesPrivateLimited,Locations,Hyderabad/Secunderabad,Experience,1-2years,Keywords/Skills,"sales,""marketing""FunctionMarketing&CommunicationsSales/BusinessDevelopment",Role,MarketingExecutiveIndustryIT/Computers-Software,PostedOn,3rdFeb2015,,,,,,
,Name,IhaConsultingServicesPrivateLimited,Locations,"Delhi,Hyderabad/Secunderabad",Experience,8-15years,Keywords/Skills,"publicrelations,Liasioning,GovernmentFunctionMarketing&Communications",Role,CorpCommunications-Manager/ExecutiveIndustryConsultancy,PostedOn,29thJan2015,,,,,,
,Name,IkenSolutionsPrivateLimited,Locations,NaviMumbai,Nationality,India,Experience,8-12years,Keywords/Skills,"TechnicalArchitect,""ASP.Net"",""C#"",""MVC"",""JavaScript"",""SolutionLead"",""Testing"",""projectmanagement""",Education,"B.E/B.Tech,MCA,MCM,M.E/M.Tech/MS,PGDCA,PGDM,FunctionIT",Role,SystemAnalyst/TechArchitectIndustryIT/Computers-SoftwareSalary8.00-12.00lacs,PostedOn,6thFeb2015,,
,Name,IkenSolutionsPrivateLimited,Locations,NaviMumbai,Experience,1-4years,Keywords/Skills,"Support,""Toubleshooting"",""ApplicationSupport"",""IP"",""SQL""",Education,"BCA,B.E/B.Tech,MCA,PGDCAFunctionIT",Role,SystemSecurity-EngineerTechnicalSupportEngineerS/WInstallation/MaintenanceEnggIndustryIT/Computers-SoftwareKPO/AnalyticsSalary1.50-3.00lacs,PostedOn,27thJan2015,,,,
,Name,IkenSolutionsPrivateLimited,Locations,NaviMumbai,Experience,1-3years,Keywords/Skills,"Accounts,""Accountant"",""MIS"",""Tally"",""PettyCash"",""Accounting""",Education,AnygraduateFunctionFinance&Accounts,Role,AccountantIndustryIT/Computers-SoftwareSalary1.80-2.60lacs,PostedOn,27thJan2015,,,,
,Name,IkenSolutionsPrivateLimited,Locations,NaviMumbai,Experience,2-5years,Keywords/Skills,"SQL,C#,ASP.Net,MVC,WCF,ADO.NET,WebServices,AJAX,JavaScript,"".Netdeveloper"",""Dotnetdeveloper"",""Dotnet.Net"",.Net,TRAI,ASP.NET,C#,Dotnet,""ASPdotnet""",Education,"BCA,B.E/B.TechFunctionIT",Role,SoftwareEngineer/ProgrammerIndustryIT/Computers-SoftwareSalary3.00-7.00lacs,PostedOn,20thJan2015,,,,
,Name,iMobDevTechnologiesPrivateLimited,Locations,Ahmedabad,Experience,1-3years,Keywords/Skills,".Net,.NetDeveloper,DotNetDeveloper,Asp.Net,C#,SQL,WebservicesFunctionIT",Role,SoftwareEngineer/ProgrammerIndustryIT/Computers-Software,PostedOn,19thMar2015,,,,,,
,Name,ImpacServices,Locations,"Delhi,Gurgaon",Experience,0-8years,Keywords/Skills,"cce,collections,technicalsupport,customersupport,customerservice,customercare,inbound,voiceprocess,outbound,usprocess,ukprocess,internationalbpo,Travel,reservation,ticketingFunctionCustomerService/CallCentre/BPO",Role,FresherTechnicalSupportExecutive(voice)CustomerServiceExecutive(Voice)IndustryITES/BPOSalary2.50-5.00lacs,PostedOn,13thMar2015,JobRefcode,InternationalBPOCaptiveUnit,,,,
,Name,ImpacServices,Locations,Delhi,Nationality,India,Experience,0-2years,Keywords/Skills,"HR,""Recruitment"",""HRConsultant"",""Recruiter""consultancy""",Education,"B.A,B.B.A,BCA,B.ComFunctionCustomerService/CallCentre/BPOHumanResources",Role,FresherFresherGraduateTrainee/ManagementTraineeHRExecutive/RecruiterIndustryITES/BPO,PostedOn,12thMar2015,JobRefcode,sabby.narula
,Name,ImpacServices,Locations,"Gurgaon,Noida",Experience,0-3years,Keywords/Skills,"HR,""Consultant"",""HRConsultant"",""Recruitment""FunctionCustomerService/CallCentre/BPOHumanResources",Role,FresherTechnicalSupportExecutive(voice)CustomerServiceExecutive(Voice)IndustryITES/BPO,PostedOn,10thMar2015,,,,,,
,Name,ImpacServices,Locations,Delhi,Nationality,India,Experience,0-2years,Keywords/Skills,"HR,""Recruitment"",""HRConsultant"",""Recruiter""consultancy""",Education,"B.A,B.B.A,BCA,B.ComFunctionCustomerService/CallCentre/BPOHumanResources",Role,FresherFresherGraduateTrainee/ManagementTraineeHRExecutive/RecruiterIndustryITES/BPO,PostedOn,10thMar2015,,
,Name,ImpacServices,Locations,Delhi,Nationality,India,Experience,0-2years,Keywords/Skills,"HR,""Recruitment"",""HRConsultant"",""Recruiter""consultancy""",Education,"B.A,B.B.A,BCA,B.ComFunctionCustomerService/CallCentre/BPOHumanResources",Role,FresherFresherGraduateTrainee/ManagementTraineeHRExecutive/RecruiterIndustryITES/BPO,PostedOn,9thMar2015,,
,Name,ImpacServices,Locations,"Delhi,Gurgaon",Nationality,India,Experience,1-7years,Keywords/Skills,"CustomerCareExecutive,voiceprofile.cce,inbound,barclays,britishairways,dell,collections,teleperformance,TELUS,johnkeells,technicalsupport,technicalsales",Education,"Anygraduate,Aviation,B.A,B.Arch,B.B.A,BCA,B.Com,BDS,B.E/B.Tech,B.Ed,BHM,BHMSFunctionCustomerService/CallCentre/BPO",Role,CustomerServiceExecutive(Voice)IndustryITES/BPOSalary2.50-4.50lacs,PostedOn,9thMar2015,,
,Name,ImpacServices,Locations,Gurgaon,Experience,1-7years,Keywords/Skills,"Amex,Barclays,JohnKeells,HCL,Genpact,Voice,""InternationalBPO"",""Inbound"",Outbound,Collections,""customerservice"",""technicalsupport""FunctionCustomerService/CallCentre/BPO",Role,FresherCustomerServiceExecutive(Voice)IndustryITES/BPOSalary2.00-4.50lacs,PostedOn,4thMar2015,,,,,,
,Name,ImpacServices,Locations,"Delhi,Gurgaon",Nationality,India,Experience,1-4years,Keywords/Skills,TicketingandReservationExecutiveFunctionCustomerService/CallCentre/BPOTravel/Airlines,Role,CustomerServiceExecutive(Voice)ReservationandTicketingInternationalTravelIndustryITES/BPOAviation/AerospaceTravel/Tourism,PostedOn,9thFeb2015,,,,
,Name,ImpacServices,Locations,"Gurgaon,Noida",Experience,0-8years,Keywords/Skills,"collections,internationalBPO,VOICE,customercare,Dell,IBM,customerservice,technicalsales,inbound,Fresher,outbound,sales,ticketing,travel,reservation,WNS,Johnkeells,Teleperformance,Barclays,FareportalFunctionCustomerService/CallCentre/BPO",Role,FresherTechnicalSupportExecutive(voice)CustomerServiceExecutive(Voice)TelesalesExecutiveIndustryITES/BPOSalary2.50-5.00lacs,PostedOn,5thFeb2015,JobRefcode,Deepika,,,,
,Name,ImpacServices,Locations,Gurgaon,Experience,0-7years,Keywords/Skills,ExcellentCommunicationSkillsFunctionCustomerService/CallCentre/BPO,Role,FresherCustomerServiceExecutive(Voice)IndustryITES/BPOSalary2.00-4.50lacs,PostedOn,5thFeb2015,,,,,,
,Name,ImpacServices,Locations,"Delhi,Gurgaon",Nationality,India,Experience,1-4years,Keywords/Skills,TicketingandReservationExecutiveFunctionCustomerService/CallCentre/BPOTravel/Airlines,Role,CustomerServiceExecutive(Voice)ReservationandTicketingInternationalTravelIndustryITES/BPOAviation/AerospaceTravel/Tourism,PostedOn,31stJan2015,,,,
,Name,ImpacServices,Locations,"Delhi,Gurgaon",Experience,0-8years,Keywords/Skills,"cce,collections,technicalsupport,cco,cca,customersupport,customerservice,customercare,Sr.CCE,inbound,voiceprocess,outbound,usprocess,ukprocess,internationalbpo,FunctionCustomerService/CallCentre/BPO",Role,FresherTechnicalSupportExecutive(voice)CustomerServiceExecutive(Voice)IndustryITES/BPO,PostedOn,31stJan2015,,,,,,
,Name,ImpacServices,Locations,"Delhi,Gurgaon",Nationality,India,Experience,1-7years,Keywords/Skills,"CustomerCareExecutive,voiceprofile.cce,inbound,barclays,britishairways,dell,collections,teleperformance,TELUS,johnkeells,technicalsupport,technicalsales,",Education,"Anygraduate,Aviation,B.A,B.Arch,B.B.A,BCA,B.Com,BDS,B.E/B.Tech,B.Ed,BHM,BHMSFunctionCustomerService/CallCentre/BPO",Role,CustomerServiceExecutive(Voice)IndustryITES/BPOSalary2.50-4.50lacs,PostedOn,31stJan2015,,
,Name,ImpacServices,Locations,"Delhi,Gurgaon",Nationality,India,Experience,1-7years,Keywords/Skills,"CustomerCareExecutive,voiceprofile.cce,inbound,barclays,britishairways,dell,collections,teleperformance,TELUS,johnkeells,technicalsupport,technicalsales,",Education,"Anygraduate,Aviation,B.A,B.Arch,B.B.A,BCA,B.Com,BDS,B.E/B.Tech,B.Ed,BHM,BHMSFunctionCustomerService/CallCentre/BPO",Role,CustomerServiceExecutive(Voice)IndustryITES/BPOSalary2.50-4.50lacs,PostedOn,31stJan2015,,
,Name,ImpacServices,Locations,"Delhi,Gurgaon",Nationality,India,Experience,1-4years,Keywords/Skills,TicketingandReservationExecutiveFunctionCustomerService/CallCentre/BPOTravel/Airlines,Role,CustomerServiceExecutive(Voice)ReservationandTicketingInternationalTravelIndustryITES/BPOAviation/AerospaceTravel/Tourism,PostedOn,30thJan2015,,,,
,Name,ImpacServices,Locations,"Delhi,Gurgaon",Nationality,India,Experience,1-5years,Keywords/Skills,"CustomerCareExecutive,voiceprofile.cce,inbound.",Education,"Anygraduate,Aviation,B.A,B.Arch,B.B.A,BCA,B.Com,BDS,B.E/B.Tech,B.Ed,BHM,BHMSFunctionCustomerService/CallCentre/BPO",Role,CustomerServiceExecutive(Voice)IndustryITES/BPOSalary2.20-4.30lacs,PostedOn,30thJan2015,JobRefcode,Inbound/Voice
,Name,ImpacServices,Locations,Gurgaon,Experience,1-7years,Keywords/Skills,"Amex,Barclays,JohnKeells,HCL,Genpact,Voice,""InternationalBPO"",""Inbound"",Outbound,Collections,""customerservice"",""technicalsupport""FunctionCustomerService/CallCentre/BPO",Role,FresherCustomerServiceExecutive(Voice)IndustryITES/BPOSalary2.00-4.50lacs,PostedOn,29thJan2015,,,,,,
,Name,ImpacServices,Locations,Gurgaon,Experience,0-7years,Keywords/Skills,ExcellentCommunicationSkillsFunctionCustomerService/CallCentre/BPO,Role,FresherCustomerServiceExecutive(Voice)IndustryITES/BPOSalary2.00-4.50lacs,PostedOn,28thJan2015,,,,,,
,Name,ImpacServices,Locations,Gurgaon,Experience,0-7years,Keywords/Skills,ExcellentCommunicationSkillsFunctionCustomerService/CallCentre/BPO,Role,FresherCustomerServiceExecutive(Voice)IndustryITES/BPOSalary2.00-4.50lacs,PostedOn,28thJan2015,,,,,,
,Name,ImpacServices,Locations,Gurgaon,Experience,0-7years,Keywords/Skills,ExcellentCommunicationSkillsFunctionCustomerService/CallCentre/BPO,Role,FresherCustomerServiceExecutive(Voice)IndustryITES/BPOSalary2.00-4.50lacs,PostedOn,21stJan2015,,,,,,
,Name,ImpacServices,Locations,Gurgaon,Experience,0-7years,Keywords/Skills,ExcellentCommunicationSkillsFunctionCustomerService/CallCentre/BPO,Role,FresherCustomerServiceExecutive(Voice)IndustryITES/BPOSalary2.00-4.50lacs,PostedOn,19thJan2015,,,,,,
,Name,ImpactInfotechPrivateLimited,Locations,Pune,Experience,0-3years,Keywords/Skills,"hardware,desktopsupport,technicalsupport,installation,troubleshooting,configuration,",Education,AnygraduateFunctionIT,Role,H/WInstallation/MaintenanceEnggIndustryIT/Computers-Hardware,PostedOn,19thMar2015,JobRefcode,DARSHANA,,
,Name,ImpactInfotechPrivateLimited,Locations,"Mumbai,MumbaiCity,NaviMumbai,Thane,Pune",Experience,1-3years,Keywords/Skills,"ITAsset,""ITAssetManagement"",""ITAssetEngineer"",""ITAssetInventory"",""ITAssetExecutive""FunctionIT",Role,H/WInstallation/MaintenanceEnggIndustryIT/Computers-Hardware,PostedOn,19thMar2015,,,,,,
,Name,ImpactInfotechPrivateLimited,Locations,Kolkata,Experience,1-4years,Keywords/Skills,GoodCommunication&TechnicalskillFunctionTelecom/ISP,Role,NetworkInstallation&AdministrationIndustryTelecom,PostedOn,4thMar2015,JobRefcode,FE,,,,
,Name,ImpactInfotechPrivateLimited,Locations,Kolkata,Experience,1-3years,Keywords/Skills,GoodCommunication&TechnicalskillFunctionTelecom/ISP,Role,NetworkInstallation&AdministrationIndustryTelecom,PostedOn,4thMar2015,JobRefcode,FT,,,,
,Name,ImpactInfotechPrivateLimited,Locations,Bengaluru/Bangalore,Experience,3-6years,Keywords/Skills,Goodcommunication&TechnicalskillFunctionTelecom/ISP,Role,QualityAssuranceExecutiveIndustryTelecom,PostedOn,27thFeb2015,JobRefcode,RF-Telecom,,,,
,Name,ImpactInfotechPrivateLimited,Locations,"Bengaluru/Bangalore,Chennai",Experience,0-5years,Keywords/Skills,Goodcommunication&technicalskillFunctionTelecom/ISP,Role,GraduateTrainee/ManagementTraineeRFPlanningEngineerRFInstallation&AdministrationEngineerO&MEngineerIndustryTelecom,PostedOn,23rdJan2015,JobRefcode,TEL,,,,
,Name,ImzMediaSolutionsPrivateLimited,Locations,MumbaiCity,Experience,2-4years,Keywords/Skills,"personalassistant,""executiveassistant"",""personalsecretary"",""officeadmin"",""admincumHR"",""executivesecretary"",",Education,AnygraduateFunctionAdmin/Secretarial,Role,AdministrationExecutiveSecretarialExecutiveSecretary/PersonalAssistantIndustryEntertainment/Media/PublishingAdvertising/PR/EventsConsultancySocialMedia,PostedOn,19thMar2015,JobRefcode,PAMAR2015,,
,Name,ImzMediaSolutionsPrivateLimited,Locations,MumbaiCity,Experience,2-5years,Keywords/Skills,"Photoshop,""Dreamweaver"",""Html"",""CorelDraw"",""Css"",""WebDesigning"",""Jquery"",""WebDesigner"",""WebsiteDesigner"",""Javascript""",Education,AnygraduateFunctionITAdvertising/Entertainment/Media,Role,WebMaster/WebSiteManagerGraphicDesigner/AnimatorIndustryEntertainment/Media/PublishingAdvertising/PR/Events,PostedOn,11thFeb2015,JobRefcode,WEB-DES-FEB2015,,
,Name,ImzMediaSolutionsPrivateLimited,Locations,MumbaiCity,Experience,2-4years,Keywords/Skills,"searchengineoptimization,""SEO"",""digitalmarketing"",""SEOexpert"",""SEOAnalyst"",""SEOManager"",""searchenginemarketing""",Education,AnygraduateFunctionITMarketing&Communications,Role,SEOExpertAdvertising-ExecutiveExecutive-InternetMarketingIndustryEntertainment/Media/PublishingAdvertising/PR/Events,PostedOn,11thFeb2015,JobRefcode,SEOFEB2015,,
,Name,IndecommGlobalServicesIndiaPrivateLimited,Locations,Bengaluru/Bangalore,Nationality,India,Experience,0-2years,Keywords/Skills,"CSE,CSO,CSR,Goodcommunication",Education,AnygraduateFunctionCustomerService/CallCentre/BPO,Role,TechnicalSupportExecutive(voice)CustomerServiceExecutive(Voice)CustomerServiceExecutive(Non-voice)IndustryITES/BPO,PostedOn,19thMar2015,,
,Name,IndecommGlobalServicesIndiaPrivateLimited,Locations,Bengaluru/Bangalore,Experience,3-6years,Keywords/Skills,"C,C++,POSFunctionIT",Role,SoftwareEngineer/ProgrammerIndustryIT/Computers-Software,PostedOn,18thMar2015,,,,,,
,Name,IndecommGlobalServicesIndiaPrivateLimited,Locations,Bengaluru/Bangalore,Experience,3-7years,Keywords/Skills,"POS,AutomationFunctionIT",Role,SoftwareEngineer/ProgrammerIndustryIT/Computers-Software,PostedOn,18thMar2015,,,,,,
,Name,IndecommGlobalServicesIndiaPrivateLimited,Locations,Bengaluru/Bangalore,Experience,3-9years,Keywords/Skills,"Businessanalyst,QA,POSFunctionIT",Role,BusinessAnalystIndustryIT/Computers-Software,PostedOn,18thMar2015,,,,,,
,Name,IndecommGlobalServicesIndiaPrivateLimited,Locations,Bengaluru/Bangalore,Experience,5-8years,Keywords/Skills,"Java,J2ee,Spring,Restfull,SOAPwebservicesFunctionIT",Role,SoftwareEngineer/ProgrammerIndustryIT/Computers-Software,PostedOn,12thMar2015,,,,,,
,Name,IndecommGlobalServicesIndiaPrivateLimited,Locations,Bengaluru/Bangalore,Experience,6-10years,Keywords/Skills,"Java,J2ee,HadoopFunctionIT",Role,TeamLeader/TechnicalLeaderIndustryIT/Computers-Software,PostedOn,12thMar2015,,,,,,
,Name,IndecommGlobalServicesIndiaPrivateLimited,Locations,Bengaluru/Bangalore,Experience,5-9years,Keywords/Skills,"iOSDeveloper,iOS,IOS,""iOSdevelopment""FunctionIT",Role,SoftwareEngineer/ProgrammerTeamLeader/TechnicalLeaderIndustryIT/Computers-Software,PostedOn,19thFeb2015,,,,,,
,Name,IndecommGlobalServicesIndiaPrivateLimited,Locations,Bengaluru/Bangalore,Experience,5-9years,Keywords/Skills,"AndroidDeveloper,android,XML,JSON,SOAP,""AndroidDevelopment"",""AndroidDevelopmentToolkit""FunctionIT",Role,SoftwareEngineer/ProgrammerTeamLeader/TechnicalLeaderIndustryIT/Computers-Software,PostedOn,19thFeb2015,,,,,,
,Name,IndecommGlobalServicesIndiaPrivateLimited,Locations,Bengaluru/Bangalore,Experience,9-13years,Keywords/Skills,"C#,""dotnet"","".net""FunctionIT",Role,ProjectLeader/ProjectManagerIndustryIT/Computers-Hardware,PostedOn,4thFeb2015,,,,,,
,Name,IndecommGlobalServicesIndiaPrivateLimited,Locations,Pune,Experience,4-4years,Keywords/Skills,"Manualtesting,""ManualQA"",""POStesting"",""Pointofsaletesting"",""Paymentdomain""FunctionIT",Role,SoftwareEngineer/ProgrammerIndustryIT/Computers-Software,PostedOn,4thFeb2015,,,,,,
,Name,IndecommGlobalServicesIndiaPrivateLimited,Locations,Gurgaon,Experience,2-4years,Keywords/Skills,"manualtestingand""agile""",Education,"B.E/B.Tech,MCAFunctionIT",Role,SystemsEngineerIndustryIT/Computers-SoftwareJobTypeContractEarliestjoingdate:23rdFeb2015Contracttenure:6-12month,PostedOn,4thFeb2015,,,,
,Name,IndecommGlobalServicesIndiaPrivateLimited,Locations,Gurgaon,Experience,6-7years,Keywords/Skills,"asp.netand""jquery""",Education,"B.E/B.Tech,MCMFunctionIT",Role,TeamLeader/TechnicalLeaderIndustryIT/Computers-SoftwareJobTypeContractEarliestjoingdate:23rdFeb2015Contracttenure:6-12month,PostedOn,4thFeb2015,,,,
,Name,IndecommGlobalServicesIndiaPrivateLimited,Locations,Gurgaon,Experience,4-6years,Keywords/Skills,"ASp.net,C#,Jqurey",Education,"B.E/B.Tech,MCAFunctionIT",Role,SoftwareEngineer/ProgrammerIndustryIT/Computers-SoftwareJobTypeContractEarliestjoingdate:23rdFeb2015Contracttenure:6-12month,PostedOn,4thFeb2015,,,,
,Name,IndecommGlobalServicesIndiaPrivateLimited,Locations,Gurgaon,Experience,4-6years,Keywords/Skills,"ASp.net,C#,Jqurey",Education,"B.E/B.Tech,MCAFunctionIT",Role,SoftwareEngineer/ProgrammerIndustryIT/Computers-SoftwareJobTypeContractEarliestjoingdate:23rdFeb2015Contracttenure:6-12month,PostedOn,4thFeb2015,,,,
,Name,IndecommGlobalServicesIndiaPrivateLimited,Locations,Pune,Nationality,India,Experience,0-1years,Keywords/Skills,"Associate-USMortgage"",""Mortgage"",""fresher"",""voice"",""eglishlanguae""",Education,"B.A,B.B.A,B.ComFunctionCustomerService/CallCentre/BPO",Role,CustomerServiceExecutive(Voice)OtherCustomerService/CallCenter-Associate-USMortgageIndustryITES/BPO,PostedOn,3rdFeb2015,,
,Name,IndecommGlobalServicesIndiaPrivateLimited,Locations,"Bengaluru/Bangalore,Pune",Experience,2-6years,Keywords/Skills,QAandPOSFunctionIT,Role,SoftwareEngineer/ProgrammerIndustryIT/Computers-Software,PostedOn,28thJan2015,,,,,,
,Name,IndecommGlobalServicesIndiaPrivateLimited,Locations,Chennai,Experience,2-7years,Keywords/Skills,WebmethodsFunctionIT,Role,SystemsEngineerIndustryBanking/FinancialServices,PostedOn,20thJan2015,,,,,,
,Name,IndecommGlobalServicesIndiaPrivateLimited,Locations,Bengaluru/Bangalore,Experience,4-6years,Keywords/Skills,"Androiddeveloper,""Androiddevelopment""FunctionIT",Role,SoftwareEngineer/ProgrammerIndustryIT/Computers-Software,PostedOn,20thJan2015,,,,,,
,Name,IndecommGlobalServicesIndiaPrivateLimited,Locations,Gurgaon,Experience,2-5years,Keywords/Skills,"androiddeveloper,""androiddevelopment""FunctionIT",Role,SoftwareEngineer/ProgrammerIndustryIT/Computers-Software,PostedOn,19thJan2015,,,,,,
,Name,IndegeneLifesystemsPrivateLimited,Locations,Bengaluru/Bangalore,Experience,3-5years,Keywords/Skills,"jquery,html,css,""javascript""FunctionIT",Role,SoftwareEngineer/ProgrammerIndustryIT/Computers-Software,PostedOn,11thMar2015,,,,,,
,Name,IndegeneLifesystemsPrivateLimited,Locations,Bengaluru/Bangalore,Experience,1-3years,Keywords/Skills,"HRITRecruiter,Recruitment,Recruitmentexecutive,Sourcing,Talentacquisition",Education,B.E/B.TechFunctionHumanResources,Role,HRExecutive/RecruiterIndustryBioTechnology&LifeSciencesITES/BPOIT/Computers-HardwareIT/Computers-SoftwarePharmaceutical,PostedOn,11thMar2015,,,,
,Name,IndegeneLifesystemsPrivateLimited,Locations,Bengaluru/Bangalore,Nationality,India,Experience,1-3years,Keywords/Skills,Copywriting,Education,"Anygraduate,DiplomaFunctionAdvertising/Entertainment/Media",Role,CopyWriterIndustryEntertainment/Media/PublishingAdvertising/PR/Events,PostedOn,10thMar2015,JobRefcode,HC#IND/2397/14
,Name,IndegeneLifesystemsPrivateLimited,Locations,Bengaluru/Bangalore,Nationality,India,Experience,2-3years,Keywords/Skills,AdobeIndesign,Education,AnygraduateFunctionIT,Role,InstructionalDesignerIndustryIT/Computers-Software,PostedOn,10thMar2015,JobRefcode,HC#IND/2398/14
,Name,IndegeneLifesystemsPrivateLimited,Locations,Bengaluru/Bangalore,Experience,2-10years,Keywords/Skills,"copyeditor,copyediting,proofreader,proofreading,languageediting,languageeditor",Role,OtherRolesIndustryAny,PostedOn,25thFeb2015,,,,,,
,Name,IndegeneLifesystemsPrivateLimited,Locations,Bengaluru/Bangalore,Experience,0-3years,Keywords/Skills,"ScientificWriting;""MedicalWriting"";""ContentWriting"";""ContentDevelopment"";""RegulatoryWriting"";""Pharmacovigilance""",Education,"MBBS,MD/MSFunctionPharmaceutical/Biotechnology",Role,Documentation/MedicalWritingIndustryPharmaceutical,PostedOn,17thFeb2015,JobRefcode,HC#JCN/814/07,,
,Name,IndegeneLifesystemsPrivateLimited,Locations,Bengaluru/Bangalore,Experience,0-3years,Keywords/Skills,"ScientificWriting;""MedicalWriting"";""ContentWriting"";""ContentDevelopment"";""RegulatoryWriting"";""Pharmacovigilance""",Education,"MBBS,MD/MSFunctionPharmaceutical/Biotechnology",Role,Documentation/MedicalWritingIndustryPharmaceutical,PostedOn,17thFeb2015,JobRefcode,HC#JCN/813/07,,
,Name,IndegeneLifesystemsPrivateLimited,Locations,Bengaluru/Bangalore,Nationality,India,Experience,0-8years,Keywords/Skills,"MBBS,MD,P.hd,BDS,M.Pharm,pharmacovigilance,Medicalwriting,Scientificwriting,Doctor,PV,Paraclinical,Regulatorywriting,",Education,"BDS,BHMS,MBBS,MD/MS,M.PharmFunctionPharmaceutical/Biotechnology",Role,Documentation/MedicalWritingIndustryPharmaceutical,PostedOn,15thFeb2015,,
,Name,IndegeneLifesystemsPrivateLimited,Locations,Bengaluru/Bangalore,Experience,5-10years,Keywords/Skills,".net"".netdeveloper""""dotnetdeveloper""""dotnet""""asp.net""""asp.netdeveloper""""MVC""FunctionIT",Role,SoftwareEngineer/ProgrammerIndustryIT/Computers-Software,PostedOn,10thFeb2015,,,,,,
,Name,IndiaRoadsideAssistancePrivateLimited,Locations,Mumbai,Experience,0-3years,Keywords/Skills,"BPO,CallCenter,CallCentre,Customerservice,customercare,customersupport,Clientservice,voiceprocess,voicebased,internationalbpo,fresher,freshers",Education,AnygraduateFunctionCustomerService/CallCentre/BPO,Role,FresherTechnicalSupportExecutive(voice)CustomerServiceExecutive(Voice)OtherCustomerService/CallCenterIndustryAnySalary1.00-1.60lacs,PostedOn,19thMar2015,JobRefcode,BPO01,,
,Name,IndiaRoadsideAssistancePrivateLimited,Locations,MumbaiCity,Experience,1-2years,Keywords/Skills,"officeadministration,frontoffice,reception,recruitment,receptionist,secretary",Education,AnygraduateFunctionAdmin/SecretarialCustomerService/CallCentre/BPO,Role,AdministrationExecutiveReceptionist/FrontDeskSecretarialExecutiveSecretary/PersonalAssistantIndustryAutomotive/AncillariesFMCGITES/BPOConsumerElectronics/AppliancesHospitals/HealthCareTravel/TourismAnySalary2.00-2.50lacs,PostedOn,9thFeb2015,JobRefcode,REC&ADM,,
,Name,IndiaRoadsideAssistancePrivateLimited,Locations,MumbaiCity,Experience,7-12years,Keywords/Skills,"HR,Recruitment,Generalist,Assessment,Appraisals",Education,"MBA,PGDiploma,PGDMFunctionHumanResources",Role,HRManagerHRBusinessPartnerRecruitment-Head/MgrAppraisals-Head/MgrIndustryFMCGITES/BPOKPO/AnalyticsRetailingJobTypeContractEarliestjoingdate:9thFeb2015Contracttenure:Upto6monthBillingrate:0.40-0.60lacspermonth,PostedOn,31stJan2015,JobRefcode,FC-HR,,
,Name,IndiaNICInfotechLimited,Locations,Ahmedabad,Experience,1-6years,Keywords/Skills,"TitaniumDeveloper,""TitaniumAppcelerator"",""AlloyFramework"",""TitaniumStudio"",""JSON"",""XHR"",""XML"",""ThirdPartyAPIs"",""TiM",,,,,,,,,,
